00046590576;CATTANI ORTOFRUTTA S.R.L.;VIA TANCIA 25;02100;RIETI;;00046590576;;;;;
00047350566;NAZIONAL FRUTTA S.R.L.;LOCALITA' ACQUAROSSA ;01100;VITERBO;;00047350566;;;;;
00082180563;SIGNORELLI SERGIO;VIA TARQUINIA 62;01017;TUSCANIA;;00082180563;;;;;
00094230950;SCALAS ANTONIO;VIA CAGLIARI 2;09070;MILIS;;00094230950;;;;;
00124480591;CONSORZIO ORTO FLORO FRUTTICOLO DELLA PROVINCIA DI LATINA - SOCIETA' COOPERATIVA AGRICOLA;VIA PANTANELLO 2;04022;FONDI;;00124480591;;;;;
00132690595;PARISELLA CARLO E F.LLI S.N.C.;VIA MADONNA DELLE GRAZIE 320;04022;FONDI;;00132690595;;;;;
00152110110;STEFANI S.R.L.;VIA DEI MOLINI 28;19038;SARZANA;;00152110110;;;;;
00155090590;LARIOLETTA S.R.L.;VIALE PIEMONTE 1;04022;FONDI;;00155090590;;;;;
00156780306;FRATELLI SIMEONI E C. S.R.L.;PIAZZALE DELL'AGRICOLTURA ;33100;Udine;;00156780306;;;;;
00173450404;FALCONI GIOVANNI;VIA EMILIA VECCHIA 75;47922;RIMINI;;00173450404;;;;;
00195880786;SOSTO E ARDITO DI ARDITO GIOVANNI & C. S.N.C.;VIA DE NAPOLI SNC;87046;Montalto Uffugo;;00195880786;;;;;
00213500671;ORTOFRUTTA PALESTINI S.R.L.;VIA NAZIONALE 55;64026;ROSETO DEGLI ABRUZZI;;00213500671;;;;;
00233450568;FONTI GENERAL FRUTTA S.R.L.;STRADA SAN MICHELE 34;01019;VETRALLA;;00233450568;;;;;
00243330560;MUSTO SERGIO;VIA GIULIO ALESSANDRINI,50;01014;MONTALTO DI CASTRO;;00243330560;;;;;
00276760378;F.LLI CAZZOLA & C. - S.R.L.;VIA PAOLO CANALI 16;40127;BOLOGNA;;00276760378;;;;;
00284300597;MARROCCO & FABRIZIO S.R.L.;VIA MARTIRI DI BELFIORE 36;74019;PALAGIANO;;00284300597;;;;;
00310090493;VENFRUT DI BETTINI CARLO & C. SNC;VIA DEL COMMERCIO 12;57029;Campiglia Marittima;;00310090493;;;;;
00317280592;MARROCCO ESTERINA;VIA PONTE GAGLIARDO;04022;FONDI;;00317280592;;;;;
00318060902;TONINO CAVALLARO & C. S.N.C.;VIA SEYCHELLES 30;07026;OLBIA;;00318060902;;;;;
00348770942;TROPICAL-SOCIETA' A RESPONSABILITA' LIMITATA;CORSO RISORGIMENTO 204;86170;ISERNIA;;00348770942;;;;;
00383340494;CECINAFRUTTA SRL;VIA DON GIOVANNI MINZONI 2/B;57023;CECINA;;00383340494;;;;;
00425810108;TRAVERSO LUIGI & FIGLIO S.R.L.;VIA SARDORELLA 10/R;16162;GENOVA;;00425810108;;;;;
00443270236;PLAFONI FRUTTA S.R.L.;VIA SOMMACAMPAGNA 63/D;37137;VERONA;;00443270236;;;;;
00444990410;GROSSFRUIT S.A.S. DI SBREGA LUCA & C.;VIA FALCINETO 45;61032;FANO;;00444990410;;;;;
00448510685;L'AGRUMARIA S.R.L.;VIA NAZIONALE SS 602;65012;Cepagatti;;00448510685;;;;;
00451961007;MANFREDI VINCENZINO;VIA COLLE FARINACCIO 39;00030;SAN CESAREO;;00451961007;;;;;
00471490540;ORTOFRUTTICOLA PERUGIA S.N.C. DI BARTOLINI, FERACIO E GAGLIARDI;VIA PIERMARINI 15;6100;Perugia;;00471490540;;;;;
00501730923;SARDA GROSSISTI FRUTTA SOCIETA' A RESPONSABILITA' LIMITATA CON SIGLA S.G.F. S.R.L.;VIA STAZIONE 56;09010;UTA;;00501730923;;;;;
00513490557;SILVANI FRUTTA S.N.C. DI CORVI LUCIANO & C.;VIA RIMEMBRANZE 81-83;05022;AMELIA;;00513490557;;;;;
00593400450;ORTOVERDE S.R.L. DI MOSTI LUCIANO;VIA CROCELLO 10;54100;MASSA;;00593400450;;;;;
00600270607;ORTOFRUTTA LELLA DI LELLA GIANCARLO E C. S.N.C.;VIA BAGNO 113;03029;VEROLI;;00600270607;;;;;
00657190591;VACCARO GIOVANNI;LOCALITA' SS FLACCA KM.12;04022;FONDI;;00657190591;;;;;
00665430542;FOLIGNO FRUTTA S.R.L.;VIALE ROMA 38;06034;FOLIGNO;;00665430542;;;;;
00668270325;VITALFRUTTA DI MASSIMO VITALE;RIVA OTTAVIANO AUGUSTO 12;34123;TRIESTE;;00668270325;;;;;
00700210446;MARCHEFRUTTA DI ASCANI NAZZARENO & C. - S.A.S.;VIA VALLE PIANA 80;63074;SAN BENEDETTO DEL TRONTO;;00700210446;;;;;
00721360915;SARDA FRUTTA DI CAGGIU SALVATORE E GIOVANNI S.N.C.;VIA ALCIDE DE GASPERI 26;08020;GALTELL?;;00721360915;;;;;
00731590097;FIORENTINO E DANDOLO S.R.L.;VIA SILVIO TORCELLO 24;17047;QUILIANO;;00731590097;;;;;
00740630090;INGROSSO ORTOFRUTTICOLI DAMONTE DI A. DAMONTE E C. S.N.C.;VIA TORCELLO BOX N. 7 E 8 7;17047;QUILIANO;;00740630090;;;;;
00749870606;MAMMONE VINCENZO;VIA AGNONE MAGGIORE 35;03039;SORA;;00749870606;;;;;
00763670676;GARDEN FRUIT S.R.L.;VIA DEI CASTANI ;64014;MARTINSICURO;;00763670676;;;;;
00768570434;G.S. ORTOFRUTTICOLA - S.R.L.;VIA MARTIN LUTHER KING 7;62100;MACERATA;;00768570434;;;;;
00771630324;SUCCESSORI BONIFACIO LIVIO DI LIVIO BARTOLI & CO. - S.N.C.;RIVA OTTAVIANO AUGUSTO 12;34123;TRIESTE;;00771630324;;;;;
00796370096;SERRAFRUTTA S.R.L.;VIA DEL COMMERCIO 20;17038;VILLANOVA D'ALBENGA;;00796370096;;;;;
00796540326;MARFRUTTA DI GIOVANNI MARICCHIOLO & C. S.A.S.;RIVA OTTAVIANO AUGUSTO 12;34123;TRIESTE;;00796540326;;;;;
00823590237;F.A.VE. FRUTTA AGRUMI VERDURE S.R.L.;VIA SOMMACAMPAGNA 63;37137;VERONA;;00823590237;;;;;
00833980709;ORTOFRUTTA PATRIZIA DI PELUSI PATRIZIA.;VIA ANTONIO CARDARELLI ;86039;TERMOLI;;00833980709;;;;;
00835500943;LA PRIMIZIA DI NARDELLI LUCIANA;VIA CAMPANIA, 106;86079;VENAFRO;;00835500943;;;;;
00839500949;FE.AN.FRUT. DI TAMASI ANTONIETTA & C. SOCIETA' IN ACCOMANDITA SEMPLICE IN SIGLA "FE.AN.FRUT. - SAS";LOCALITA' FONTE SALAMONE 263;86170;ISERNIA;;00839500949;;;;;
00881040901;DETTORI MARKET S.R.L.;VIA BARBAGIA ;07026;OLBIA;;00881040901;;;;;
00891260895;RIZZA GIUSEPPE;CONTRADA ZUPPARDA ;96017;NOTO;;00891260895;;;;;
00898680889;SICILFRUTTA DI FIRRINCIELI G. & C. S.A.S.;VIA DOMENICO CIMAROSA 75;97100;RAGUSA;;00898680889;;;;;
00901911008;COLANFRUTTA S.R.L.;VIA DELLA TENUTA DEL CAVALIERE 1;00012;GUIDONIA MONTECELIO;;00901911008;;;;;
00908100431;ORTENZI S.R.L.;VIA DOMENICO CONCORDIA 42-48;62100;MACERATA;;00908100431;;;;;
00912340320;SOLAGRO S.R.L.;RIVA OTTAVIANO AUGUSTO 12;34123;TRIESTE;;00912340320;;;;;
00916091002;SOCIETA' COMMERCIO ORTOFRUTTICOLI DEI FRATELLI CALVANO SRL;VIA LATINA KM.2,500;00031;ARTENA;;00916091002;;;;;
00946090016;ITALFRUTTA S.N.C. DI VOGLINO FRANCO & ANTONELLA;CORSO ALLAMANO NR. 204;10134;TORINO;;00946090016;;;;;
00947360095;LEOFRUTTA S.R.L.;VIA DELLA CORNICE 4;17027;PIETRA LIGURE;;00947360095;;;;;
00961330321;GRANDOLFO STELIO DI GRANDOLFO MARCO & CO. - SOCIETA' IN ACCOMANDITA SEMPLICE;VIA OTTAVIANO AUGUSTO 12;34123;TRIESTE;;00961330321;;;;;
00964360903;"SERRA MARIO";VIA TIRSO ;07039;VALLEDORIA;;00964360903;;;;;
01058030444;ORTOFRUTTA A. & I. DI ATTORRI ANDREA & C. S.N.C.;VIA FALERIENSE OVEST 14;63833;MONTEGIORGIO;;01058030444;;;;;
01059860955;MASTINU GIORGIO;VIA ALCIDE DE GASPERI 1;09070;MILIS;;01059860955;;;;;
01070860422;CUTOLONI GINO S.R.L.;VIA LUIGI ALBERTINI 36;60131;ANCONA;;01070860422;;;;;
01071860215;FRUMA S.R.L. - G.M.B.H.;VIA THOMAS ALVA EDISON 8;39100;BOLZANO;;01071860215;;;;;
01102340526;F.LLI FATARELLA & C. SOCIETA' A RESPONSABILITA' LIMITATA O IN FOR MA ABBREVIATA F.LLI FATARELLA & C. S.R.L.;VIA MONTANARA 6;58031;ARCIDOSSO;;01102340526;;;;;
01118230455;MOSTI COMMERCIALE S.R.L.;VIA CROCELLO 10;54100;MASSA;;01118230455;;;IT;;
01120190887;DOF S.R.L.;CONTRADA NACA ;97014;ISPICA;;01120190887;;;;;
01122780958;AGRICOLA CAMPIDANESE - SOCIETA' COOPERATIVA;VIA GIOVANNI BATTISTA PIRELLI ;09098;TERRALBA;;01122780958;;;;;
01131600114;FRIGOFRUTTA LUNENSE SRL;LOCALITA' PALLODOLA ;19038;SARZANA;;01131600114;;;;;
01143670592;ITALFRUTTA DI MANNO S.R.L.;VIA ACQUACHIARA DIVERSIVO KM.1,900;04022;FONDI;;01143670592;;;;;
01155960667;CENTRO FRUTTA AQUILANO S.A.S.;VIA CAMPO DI PILE;67100;L'AQUILA;;01155960667;;;;;
01167830957;PUTZOLU STEFANO;VIA BUON CAMMINO 3;09070;MILIS;;01167830957;;;;;
01180080804;FRATELLI MODAFFERI DI MODAFFERI GIUSEPPE S.A.S. & C.;VIA ASPROMONTE MERCATI GENERALI BOX 19 ;89127;Reggio di Calabria;;01180080804;;;;;
01200440269;SATTIN & CAMATTA S.R.L.;VIA MERCATO ORTOFRUTTICOLO ;31100;TREVISO;;01200440269;;;;;
01208410595;DICEMBRE RAFFAELE;VIA DI SANT"ELIA N.32;04022;ANZIO;;01208410595;;;;;
01213700907;ALGUER FRUIT S.N.C. DI SOLINAS LEONARDO & C.;REGIONE GALBONEDDU ;07041;ALGHERO;;01213700907;;;;;
01223960434;F.LLI CARNEVALI S.R.L.;VIA ELENA FIORETTI 4;62100;MACERATA;;01223960434;;;;;
01227250907;TEDDE S.N.C. DI TEDDE GIUSEPPE & C.;ZONA INDUSTRIALE PREDDA NIEDDA NORD ;07100;SASSARI;;01227250907;;;;;
01239610593;FERRO GIUSEPPE;VICO 1 BONOMO,7;04024;GAETA;;01239610593;;;;;
01249500115;ITALFRUTTA S.R.L. IN LIQUIDAZIONE;VIA TRESANA 3;54033;CARRARA;;01249500115;;;;;
01277590590;ORTOFRUTTICOLA STRAVATO S.R.L.;VIALE PIEMONTE ;04022;FONDI;;01277590590;;;;;
01291110920;FRUTTITAL CAGLIARI S.R.L.;STRADA PROVINCIALE 2 KM.0,400;09028;SESTU;;01291110920;;;;;
01300830922;INDUSTRIA SERVIZI AGROALIMENTARI S.P.A. *I.S.A. SPA; ZONA INDUSTRIALE-STR.PROVINC. 14/BIS;09039;Villacidro;;01300830922;;;;;
01308660685;PACIOCCO S.R.L.;PIAZZA DUCA D'AOSTA 31;65121;PESCARA;;01308660685;;;;;
01319290696;D.P. GALASSO S.R.L.;VIALE GABRIELE D'ANNUNZIO 70/A;66023;FRANCAVILLA AL MARE;;01319290696;;;;;
01320400565;MINCIOTTI RUGGERO;VIA MATTEACCIO 5;01014;MONTALTO DI CASTRO;;01320400565;;;;;
01330390681;F.LLI TERZINI S.N.C. DI TERZINI DARIO E CLAUDIO & C.;VIALE XX SETTEMBRE 161;65028;TOCCO DA CASAURIA;;01330390681;;;;;
01343730444;AGOSTINI FRUTTA S.R.L.;VIA PICENO APRUTINA 1;63100;ASCOLI PICENO;;01343730444;;;;;
01350790554;CENTRALFRUTTA PURGATORIO DAL 1960 DI CHIOCCIA CINZIA;VIA OMBRONE 1;05018;ORVIETO;;01350790554;;;;;
01350880926;SERRI ROBERTO E C. S.N.C.;STRADA PROVINCIALE 2 ;09028;SESTU;;01350880926;;;;;
01362270629;CENTRO DISTRIBUZIONE ORTOFRUTTICOLI S.U.R.L. (IN SIGLA: "C.D.O. SURL");VIA CIRIGNANO ;82016;MONTESARCHIO;;01362270629;;;;;
01382690459;ORTOFRUTTITALIA S.R.L.;VIA ALDO PUCCIARELLI 19;54033;CARRARA;;01382690459;;;;;
01393970114;AGROALIMENTARE SARZANESE S.R.L.;LOCALITA' PALLODOLA ;19038;SARZANA;;01393970114;;;;;
01421660562;POSTI PAOLO;STRADA TEVERINA SNC;01100;Viterbo;;01421660562;;;;;
01430580694;FERRANFRUTTA S.R.L.;PIAZZA GIUSEPPE GARIBALDI 31/32;66034;LANCIANO;;01430580694;;;;;
01431160595;AGROFONDI - SOCIETA' CONSORTILE COOPERATIVA;VIALE PIEMONTE 1;04022;FONDI;;01431160595;;;;;
01440510590;MASCOLO ALFONSO;VIA LUNGO SISTO N.853;04016;SABAUDIA;;01440510590;;;;;
01452020702;LA MOLISANA FRUTTA - SOCIETA' A RESPONSABILITA' LIMITATA;CONTRADA MACCHIE 21/E;86100;CAMPOBASSO;;01452020702;;;;;
01484150881;FRUTTA DI FAMIGLIA SOCIETA' AGRICOLA S.R.L.;VIA DELLE REGIONI 13;97014;ISPICA;;01484150881;;;;;
01491430284;DAN FRUTTA SNC DI DANIELE ENZO E ODORICO;CORSO STATI UNITI 50/I.72;35127;PADOVA;;01491430284;;;;;
01505570596;PIETROSANTO IMMACOLATA;VIA B.CELLINI,13;00042;ANZIO;;01505570596;;;;;
01516140348;MANGHI BRUNO S.R.L.;STRADA DEL TAGLIO 5/A;43126;PARMA;;01516140348;;;;;
01531310603;PRIMIZIE FRUTTA DI FONTANA ADRIANA E C. - S.N.C.;CORSO MARIA FORTUNATA VITI ;03029;VEROLI;;01531310603;;;;;
01532900519;RICCI FRANCO & FIGLI S.N.C. DI RICCI LORENZO , ROBERTO E RICCARDO;VIA VILLAROSA 10/G;52016;CASTEL FOCOGNANO;;01532900519;;;;;
01547940088;RIVIERA GROUP SRL;VIA MANEIRA 8;18039;VENTIMIGLIA;;01547940088;;;;;
01558350607;CAPPELLA CLAUDIO;VIA MADONNA DELLE GRAZIE 50;03011;ALATRI;;01558350607;;;;;
01559020662;MAGNANTE FRANCESCO E FIGLI SRL;VIA ISACCO NEWTON ;67051;AVEZZANO;;01559020662;;;;;
01582800593;PINTO MARIO;VIA DEL CERRO 5;04022;FONDI;;01582800593;;;;;
01586350595;COM.EUR.FRUIT. S.R.L.;VIALE PIEMONTE STAND G/11 ;04022;Fondi;;01586350595;;;;;
01600480303;BELFRUTTA S.R.L.;PIAZZALE DELL'AGRICOLTURA 16;33100;UDINE;;01600480303;;;;;
01605030590;SINOPOLI ANTONIO;VIA INDIPENDENZA-SAL JELLA 1;04024;GAETA;;01605030590;;;;;
01621050598;ANTOGIOVANNI CARLO;VIA RENE, 266;00183;ROMA;;01621050598;;;;;
01626540908;R.S. S.R.L.;ZONA INDUSTRIALE SETTORE 2 ;07026;OLBIA;;01626540908;;;;;
01639640596;FERRI ENRICO;VIA ALESSANDRO VOLTA 19;04019;TERRACINA;;01639640596;;;;;
01642110595;MAFALDA SOCIETA' A RESPONSABILITA' LIMITATA;VIALE PIEMONTE - MOF ;04022;Fondi;;01642110595;;;;;
01645150887;CERRUTO ORTOFRUTTA S.R.L.S.;VIA IGNAZIO EMMOLO BOX 4;97018;Scicli;;01645150887;;;;;
01655170684;STICCA RAFFAELE & FIGLI S.R.L.;PIAZZA PAPA GIOVANNI XXIII 1;65029;TORRE DE' PASSERI;;01655170684;;;;;
01671430591;ORTOBELLO S.R.L.;V.Le Piemonte  M.O.F.;04022;FONDI;;01671430591;;;;;
01686610708;M.B.T. - S.R.L.;VIA MARTIRI D'UNGHERIA 32;86042;CAMPOMARINO;;01686610708;;;;;
01686940592;IANNONE DOMENICO;VIA A.ROSMINI,4;00165;ROMA;;01686940592;;;;;
01688510708;M.B.T. S.R.L.;VIA BENEDETTO CROCE 18;88042;CAMPOMARINO LIDO;;01688510708;;;;;
01695450096;NUOVA LIGURE FRUTTA DI RISPOLI FABIO & C. S.N.C.;REGIONE CORTE 3;17027;PIETRA LIGURE;;01695450096;;;;;
01705380689;F.LLI RAULLI S.R.L.;VIA SANTA LIBERATA ;65028;TOCCO DA CASAURIA;;01705380689;;;;;
01714050661;FLAGELLA CIRO S.R.L.;STRADA STATALE 17 ;67031;CASTEL DI SANGRO;;01714050661;;;;;
01727260596;PESTILLO MAURIZIO;VIA RIPA,41;04022;FONDI;;01727260596;;;;;
01738010238;MARRAPESE PASQUALE S.N.C;VIALE DEL LAVORO,11 M.ORT.P.58;37135;VERONA;;01738010238;;;IT;;
01744280601;PARIS GERARDO;VIA VALLE CONTESSA 36;03100;FROSINONE;;01744280601;;;;;
01748190095;LA LINEA VERDE S.A.S. DI ROSSO SIMONA & C.;VIA SILVIO TORCELLO 24;17047;QUILIANO;;01748190095;;;;;
01752130540;SI.M.O FRUTTA sas di F. & M. S;VIA QUILICO,12; ;PASSAGGIO BETTONA;;01752130540;;;ITA;;
01764870596;DI VITO MARIO;VIA DEL CORBEZZOLO ;04022;FONDI;;01764870596;;;;;
01768620609;SCACCIA CINZIA;VIA CASILINA SUD 370;03013;FERENTINO;;01768620609;;;;;
01771790928;ETZI LODOVICO;VIA AZUNI, 11, VIA AZUNI, 11 VIA AZUNI, 11;09038;SERRAMANNA;;01771790928;;;VIA AZUNI, 11,;;
01785730902;FRANCO COSENTINO S.A.S DI FRANCO COSENTINO E C.;ZONA INDUSTRIALE PREDDA NIEDDA NORD ;07100;SASSARI;;01785730902;;;;;
01788740593;NARDELLA RAFFAELE;VIA CALEGNA N 59;04024;GAETA;;01788740593;;;;;
01792850404;ORTOMERCATO - S.R.L.;VIA DISMANO 3809;47522;CESENA;;01792850404;;;;;
01797460928;F.LLI IBBA S.R.L.;VIA DELL'ARTIGIANATO 2;09122;CAGLIARI;;01797460928;;;;;
01815940067;NERIO RUFFATO SOCIETA' AGRICOLA S.R.L.;VIA CASTELSPINA 725;15073;CASTELLAZZO BORMIDA;;01815940067;;;;;
01828580603;ZALLO MASSIMO;LARGO ENRICO BERLINGUER 12;04023;FORMIA;;01828580603;;;;;
01838630596;FIORE MARINA;VIA CESARELLE 8;04022;FONDI;;01838630596;;;;;
01845890605;CARDINALE DANIELE;VIA S. FRANCESCO SNC;03013;Torre Cajetani;;01845890605;;;;;
01846780599;SOCIETA' COOPERATIVA AGRICOLA NATURA PIU';VIA PONTE DI FERRO 48;04019;TERRACINA;;01846780599;;;;;
01849270598;ORTOFRUTTICOLA R.G. S.A.S. DI MAGNAFICO GERARDO & C.;VIA G. TRIBUZIO NR. 9;04022;FONDI;;01849270598;;;;;
01850290592;AVERSA SERGIO;VIA VETRINE, 55 DEST. MERCATO METAURO  ROMA;04022;FONDI;;01850290592;;;IT;;
01872210032;GUSULFINO - S.R.L.;VIA GAETANO GIARDINO 1;28100;NOVARA;;01872210032;;;;;
01875020685;DI RITO S.R.L.;VIA NAZIONALE 602/CENTRO;65012;CEPAGATTI;;01875020685;;;;;
01877420602;GLOBO S.P.A.;VIA FORMA CIALONE III TRAVERSA 14 INT 8;03039;Sora;;01877420602;;;;;
01904680384;FRUTTA' SRL;VIA STEFANO TRENTI 32;44122;FERRARA;;01904680384;;;;;
01905130595;SEPE GINA;VIA MADONNA DELLE GRAZIE ;04022;FONDI;;01905130595;;;;;
01944010592 ;VILLA LUCIA  ARL                                            ;VIA CAGNASIO 8                     ;04020    ;MONTE SAN BIAGIO              ;;01944010592 ;;;ITA;;
01960770590;FIDALEO NICOLA;VIA SETTE CANNELLE, 7;04022;FONDI;;01960770590;;;;;
01980580599;MILLENNIUM S.R.L.;VIALE PIEMONTE 1;04022;FONDI;;01980580599;;;;;
01980730590;IL CESTO D'ORO DEI F.LLI CAPASSO - S.N.C. DI CAPASSO NICOLA E C.;VIA ACQUEDOTTO ROMANO snc;04023;FORMIA;;01980730590;;;;;
01983880590;LA NUOVA ORTOBELLO S.R.L.;VIALE PIEMONTE 1;04022;FONDI;;01983880590;;;;;
02000830907;CHESSA ORTOFRUTTA S.R.L.;ZONA INDUSTRIALE SETTORE 1 VIA NEPAL 7;07026;OLBIA;;02000830907;;;;;
02028600563;JOLLY FRUTTA S.R.L.;LOCALITA' ACQUAROSSA ;01100;VITERBO;;02028600563;;;;;
02052250798;"G & G SOCIETA' A RESPONSABILITA' LIMITATA" IN SIGLA "G & G S.R.L .";VIALE EUROPA ;88100;CATANZARO;;02052250798;;;;;
02056400878;LEADER FRUTTA DEI F.LLI LANZAFAME S.R.L.;VIA FINOCCHIARO APRILE 75;95014;GIARRE;;02056400878;;;;;
02061330177;ALBINI GIUSEPPE & C. SRL;VIA ORZINUOVI 82;25125;BRESCIA;;02061330177;;;;;
02061650541;NERI ORTOFRUTTA SNC DI NERI STEFANO E MARTA;VIA DEL BALZO,12;06132;PERUGIA;;02061650541;;;;;
02062250598;STRAVATO MARCO;VIA PIETRO MASCAGNI, 51;04022;FONDI;;02062250598;;;;;
02067110599;FERRARO GROUP S.R.L.;VIALE PIEMONTE STAND 8 PAD. B 1;04022;FONDI;;02067110599;;;;;
02067260485;BARBERA FRANCESCO;VIA P.MASCAGNI,9; ;SIGNA;;02067260485;;;ITA;;
02101030605;FONTANA GIOVANNI;CONTRADA PESCARA 68;03029;VEROLI;;02101030605;;;;;
02104830696;CENTRO FRUTTA CARPINETO S.R.L.;VIA TRAMOZZINI 5;66040;PERANO;;02104830696;;;;;
02108330594;F.LLI AMBROSINO SRL;STRADA TORRE DEL GIGLIO 7;04100;LATINA;;02108330594;;;;;
02112690900;CARTA BIAGIO;VIA ZARA VICOLO C 3;07026;OLBIA;;02112690900;;;;;
02144990591;L.A.V. S.R.L.;VIA LOMBARDIA 36;04022;FONDI;;02144990591;;;;;
02145350449;SBROLLA SRL;STRADA FRATTE 7031;63811;SANT'ELPIDIO A MARE;;02145350449;;;;;
02180290567;I FRUTTI DELLA NATURA DI DI MANNO ROSINA S.R.L. SEMPLIFICATA;VIA DEL RITIRO 21;01018;VALENTANO;;02180290567;;;;;
02180800597;CARNEVALE ALESSANDRO;MERCATO FRANCO SACCHETTI BOX 1;00137;ROMA;;02180800597;;;;;
02190540597;FAIOLA MAFALDA E FIGLI S.R.L.;VIALE PIEMONTE 1;04022;FONDI;;02190540597;;;;;
02198910925;F.LLI MUSCAS GIANCARLO & DAVIDE SNC;VIA GENNARO MURGIA 1;09039;VILLACIDRO;;02198910925;;;;;
02200320592;GREEN FOOD DI CHINELLATO MONICA S.A.S.;MERCATO COPERTO COMUNALE;04100;LATINA;;02200320592;;;;;
02202510596;ASSENSO VINCENZO;VIA OLIVI 5;04020;VENTOTENE;;02202510596;;;ITA;;
02221480904;EMME FRUTTA S.R.L.;ZONA INDUSTRIALE PREDDA NIEDDA NORD - BOX 14;07100;Sassari;;02221480904;;;;;
02223990231;GATTI S.R.L.;VIA SOMMACAMPAGNA 63;37137;VERONA;;02223990231;;;;;
02229510603;ORTOFRUTTICOLA PERROTTA S.R.L.;PIAZZA A.LABRIOLA 37;03043;CASSINO;;02229510603;;;;;
02269130304;ORTOFRUTTICOLA CERVELLIN S.R.L.;PIAZZALE DELL'AGRICOLTURA 16;33100;UDINE;;02269130304;;;;;
02276570161;M & B S.R.L.;VIA BORGO PALAZZO 207;24125;BERGAMO;;02276570161;;;;;
02279230615;NOTARIANNI PARIDE;VIA GIOVANNI BATTISTA MORRONE 22;81057;TEANO;;02279230615;;;;;
02289990562;RM FRUTTA SOCIETA' A RESPONSABILITA' LIMITATA;VIA MATTEACCIO ;01014;MONTALTO DI CASTRO;;02289990562;;;;;
02291760599;L'ANGOLO DELLE PRIMIZIE DI PANNOZZO STEFANO;VIA QUERCE 64;04022;FONDI;;02291760599;;;ITA;;
02316250592;LA CASETTA DELL'ORTOFRUTTA S.N.C. DI COMPOSTO FRANCO & FIGLI;VIA OLIVASTRO SPAVENTOLA,32;04023;FORMIA;;02316250592;;;;;
02327790602;PROTANO ANTONIO;VIA CASILINA 38-40;03030;COLFELICE;;02327790602;;;;;
02362340594;FONDI FRUTTA 2 - SOCIETA' A RESPONSABILITA' LIMITATA;VIA MARCO POLO 30;04022;FONDI;;02362340594;;;;;
02382340699;ORTOFRUTTICOLA BARONE S.N.C. DEI F.LLI VINCIGUERRA NICOLA E ANDREA;VIA SAN ROCCO 22/A;66054;VASTO;;02382340699;;;;;
02392860801;BARBIERO ORLANDO;C/da MAIOVENTO 3;89040;SIDERNO;;02392860801;;;;;
02393210212;INTERFRUCHT SRL;ZONA ARTIGIANALE AUE 14;39030;SAN LORENZO DI SEBATO;;02393210212;;;;;
02418660920;ENAFRUTTA S.R.L.;VIA UGO LA MALFA ;09010;DECIMOPUTZU;;02418660920;;;;;
02457420921;FRUITS SERVICE S.R.L.;VIALE MONASTIR EX S.S.131 SNC;09028;Sestu;;02457420921;;;;;
02462910429;FIORENZA PASQUALE S.R.L.;VIA SCOTELLARO 4/B;60035;JESI;;02462910429;;;;;
02472740907;ORTOFRUTTA SARDA S.R.L.;REGIONE GALBONEDDU 24;07041;ALGHERO;;02472740907;;;;;
02480580592;MICCO ANTONIO;VIA PAPA GIOVANNI XXIII 3;04024;GAETA;;02480580592;;;;;
02490300601;COMMERCIO DISTRIBUZIONE PRODOTTI ORTOFRUTTICOLI ALIMENTARI SRL IN SIGLA C.D.P.O.A. SRL;VIA CASILINA NORD 498;03100;FROSINONE;;02490300601;;;;;
02491670903;EFFE.GI.ESSE FRUTTA S.R.L.;ZONA INDUSTRIALE PREDDA NIEDDA ;07100;SASSARI;;02491670903;;;;;
02516940596;FRUIT SERVICE S.R.L.;VIA DELLE GROTTE 7;04022;FONDI;;02516940596;;;;;
02532620107;GHIA FIORE SOCIETA' A RESPONSABILITA' LIMITATA;VIA SARDORELLA 10/STAND;16162;GENOVA;;02532620107;;;;;
02537440592;SOCIETA' AGRICOLA GREEN LINE DI CAVATERRA FEDERICO E CAVATERRA RO BERTO STEFANO S.S.;STRADA MIGLIARA 42 9;04100;LATINA;;02537440592;;;;;
02540630908;FRUTTA 5 S.R.L.;ZONA INDUSTRIALE PREDDA NIEDDA NORD ;07100;SASSARI;;02540630908;;;;;
02558950420;COAL AGROALIMENTARE S.R.L.;VIA DIRETTISSIMA DEL CONERO 11;60021;CAMERANO;;02558950420;;;;;
02561330925;MA.MU.SA. S.R.L.;LOCALITA' LOCALITA'' PILL''E MATTA SNC SNC;09044;Quartucciu;;02561330925;;;;;
02572860902;FRUTTOLANDIA S.R.L. S.;ZONA INDUSTRIALE PREDDA NIEDDA SUD STRADA 14 1;07100;SASSARI;;02572860902;;;;;
02581010606;BRACAGLIA PIO - ORTOFRUTTICOLI;VIA VINCENZO FERRARELLI 38;03100;FROSINONE;;02581010606;;;;;
02588870903;FRUTTAINCASA S.R.L. SEMPLIFICATA;ZONA INDUSTRIALE PREDDA NIEDDA NORD STR.1 77;07100;SASSARI;;02588870903;;;IT;;
02597450903;NUOVA SARDA FRUTTA S.R.L. S.; Z.I. PREDDA NIEDDA NORD - MERC 43/44;07100;Sassari;;02597450903;;;;;
02598660591;COOPERATIVA AGRICOLA DI GIROLAMO GIANNI;STRADA MIGLIARA 53 ;04016;SABAUDIA;;02598660591;;;;;
02606540694;SANGRO FRUIT - SOCIETA' A RESPONSABILITA' LIMITATA SEMPLIFICATA;VIA IV NOVEMBRE 4;66041;ATESSA;;02606540694;;;;;
02609150392;SI'FRUTTA S.R.L.;VIA LESINA 25;48015;CERVIA;;02609150392;;;;;
02610700904;CARBONI DANIELE;MERCATO AGROALIMENTARE P.NIEDDA SNC;07100;SASSARI;;02610700904;;;;;
02611410909;MOSCARDINO AL POMODORO S.R.L.;VIA ALCEO CATALOCCHINO 48/A;07100;SASSARI;;02611410909;;;;;
02612030797;LORENZANO ORTOFRUTTA DI LORENZANO LUIGI & C. S.A.S.;LOCALITA' SANGUE DI GATTO ;88842;CUTRO;;02612030797;;;;;
02616190597 ;DEL BONO DANIELE                                            ;VIA MORTARCINO, 98                 ;04019    ;TERRACINA                     ;;02616190597 ;;;ITA;;
02627370618;EUROFRUTTA DI BOVE ANTONIO E C. S.A.S.;VIA MARIGLIANO 55;81024;MADDALONI;;02627370618;;;;;
02629100609;PUNTO FERRI S.R.L.;VIA GIUSEPPE FERRI 14;03039;SORA;;02629100609;;;;;
02630880603;"AGRIFRUIT" DI LUCIANO BENITO;VIA DONIZETTI,9/E;03043;CASSINO;;02630880603;;;;;
02635380609;SEBASTIANI MARKET S.R.L.;VIA FIURA 85;03011;ALATRI;;02635380609;;;;;
02637100906;DORE GIANFRANCO;VIA GIOVANNI BRUNO 3;07100;SASSARI;;02637100906;;;;;
02647930805;REGGIO FRUTTA SRL;VIA NAZIONALE 168;89135;REGGIO DI CALABRIA;;02647930805;;;;;
02649260599;TERRAVERDE S.R.L.;VIALE PIEMONTE ;04022;FONDI;;02649260599;;;;;
02651700904;LA CARAMBOLA SRL;VIA CAMERUN LOCALITA POZZO SNC;07026;Olbia;;02651700904;;;;;
02655300800;JONICA FRUTTA S.R.L.;CORSO GIUSEPPE GARIBALDI 50/A;89048;SIDERNO;;02655300800;;;;;
02659220921;ORTO. SARDA S.R.L.;STRADA PROVINCIALE 2 ;09028;SESTU;;02659220921;;;;;
02664860927;PISANO ORTOFRUTTA S.R.L.;STRADA PROVINCIALE 2 ;09028;SESTU;;02664860927;;;;;
02669560902;IDILI FRUTTA DI IDILI SALVATORE;ZONA INDUSTRIALE P.NIEDDA MERC. ING.BOX 7 SNC;07100;SASSARI;;02669560902;;;;;
02678450590;FONDI FRUTTA DA GIANNI SRL;VIA SPINETE I III TRATTO 68;04022;FONDI;;02678450590;;;;;
02682940925;GRUPPO SARDEGNA S.R.L.;. EX SS 131 KM 10 S.N.C.;09028;Sestu;;02682940925;;;;;
02692020544;RONCA BRUNO E FIGLI S.N.C.;VIALE ANNA FRANCA, 24;06124;PERUGIA;;02692020544;;;;;
02694130903;RAIS GIOVANNI MARIA;STRADA VICINALE TANIGA BALDELLA 4;07100;SASSARI;;02694130903;;;;;
02694200607;CENTRO FRUTTA S.R.L.;SUPERSTRADA ANTICOLANA 12;03014;FIUGGI;;02694200607;;;;;
02698020043;FOODINVEST ITALIA;PIAZZA GALIMBERTI, 2 VIA XX SETTEMBRE, 2;12100;CUNEO;;02698020043;;;IT;;
02726480359;RISTOFRUIT S.R.L.;VIA PLAUTO 1/A;42124;REGGIO NELL'EMILIA;;02726480359;;;;;
02733630806;SPADARO PASQUALE;VIA ASPROMONTE ;89127;REGGIO DI CALABRIA;;02733630806;;;;;
02751240926;ESSECI GROUP S.R.L.;LOCALITA' SA CANTONERA ;09028;SESTU;;02751240926;;;;;
02755220908;EFFE FRUTTA SRLS;ZONA INDUSTRIALE PREDDA NIEDDA ;07100;SASSARI;;02755220908;;;;;
02771200900;TEDDE SRLS;Z.I. PREDDA NIEDDA NORD;07100;SASSARI;;02771200900;;;;;
02778850806;FRUIT LAND DI CAMPANELLA COSIMO VINCENZO;VIA GUGLIELMO MARCONI ;89044;LOCRI;;02778850806;;;;;
02779970926;FRESCO - SECCO S.R.L.;. MACCHIAREDDU VII STR. Z.NA CEM LOT 67/B;09010;Uta;;02779970926;;;;;
02800350593;LE TERRE DI CIRCE - SOCIETA' COOPERATIVA AGRICOLA; MEDIANA VECCHIA PODERE 1912 SNC;04019;Terracina;;02800350593;;;;;
02807770595;SUNFRUIT S.R.L.;STRADA MIGLIARA 42 9;04100;LATINA;;02807770595;;;;;
02822350605;ELKATOURY SAMEH AHMED MOHAMED;VIA G. MATTEOTTI 72;03023;CECCANO;;02822350605;;;;;
02824090597;FRESH FRUIT S.R.L.;VIA CATULLO 49;04022;FONDI;;02824090597;;;;;
02824100594;"ORTIUNITI S.R.L.";VIA URBANO RATTAZZI 17;04022;FONDI;;02824100594;;;;;
02831320599;LUCIANO GHEDIN ORTOFRUTTA S.R.L.;VIA MONTI LEPINI KM.54,000;04100;LATINA;;02831320599;;;;;
02831320987;LOTTIERI VITTORIO S.R.L.;VIA ORZINUOVI 82;25125;BRESCIA;;02831320987;;;;;
02836150926;F.LLI CIARAVOLO S.R.L.;LOCALITA' MAGANGIOSA SP 2 KM0.400 STAND N. 72;09028;Sestu;;02836150926;;;;;
02841280593;ORTICELLI EGIDIO;VIA POLONIA 1;04022;FONDI;;02841280593;;;;;
02860670591;TIRRENICA S.R.L.;VIA ROMA 50;04022;FONDI;;02860670591;;;IT;;
02861990592;AGRIPEPPE SOCIETA' COOPERATIVA AGRICOLA;VIALE PIEMONTE 2;04022;FONDI;;02861990592;;;;;
02867460590;FRUIT EDEN S.R.L.S.;VIA GIOVANNI LANZA 93;04022;FONDI;;02867460590;;;;;
02868320546;SIRCHIO FEDERICO S.R.L.;VIA DEL RASTELLO 63;06132;PERUGIA;;02868320546;;;;;
02887600597;MARFRUTTA S.R.L.;VIALE PIEMONTE 1;04022;FONDI;;02887600597;;;;;
02892700606;FARES AMERICA di HEGAZI MOHAMED;VIA MARITTIMA, 488/490;03100;FROSINONE;;02892700606;;;;;
02895410591;OR.TO. AGRICOLA LAZIO SRL;VIA VARDITO 6;04022;FONDI;;02895410591;;;;;
02900190600;GABALLA SOCIETA' A RESPONSABILITA' LIMITATA SEMPLIFICATA;VIA SAN ROCCO 36;03037;PONTECORVO;;02900190600;;;;;
02905530602;ORTOFRUTTICOLA FRATELLI RAPONI ALESSANDRO E ANTONIO & C. S.A.S.;VIA CASANOVA 30;03025;MONTE SAN GIOVANNI CAMPANO;;02905530602;;;;;
02910340591;MAZZETTI IMMACOLATA;VIA DELLE VIGNE 8;04023;FORMIA;;02910340591;;;;;
02910490594;L.F. ORTOFRUTTICOLA S.R.L.;VIA SAN PAOLINO DA NOLA 11;04022;FONDI;;02910490594;;;;;
02922740606;ORTOFRUTTA IL PECCATO DI EVA DI CHIAPPINI MASSIMILIANO;VIALE FABRATERIA VETUS 56;03023;CECCANO;;02922740606;;;;;
02926430592;PANNOZZO DOMENICO SRL;VIA DEL MIRTO 6;04022;FONDI;;02926430592;;;;;
02942130598;DANILO DI PERNA S.R.L. SEMPLIFICATA UNIPERSONALE IN SIGLA: DANILO DI PERNA SRLS UNIPERSONALE;VIALE PIEMONTE PADIGLIONE B14 S.C.;04022;Fondi;;02942130598;;;;;
02970870594;RENZETTI DEMETRIO;VIA STEFANO OBERTO SNC;00173;ROMA;;02970870594;;;;;
03002400798;GRILLFRUIT-SERVICE DI FRANCESCO GRILLO;VIA DANTE ALIGHIERI ;89817;BRIATICO;;03002400798;;;;;
03006990547;ORTOFRUTTA R.G.M. DI GATTI CLAUDIO;VIALE UMBRIA 27;06063;MAGIONE;;03006990547;;;;;
03023690542;L'ORTOLANO S.R.L.;VIA GUSTAVO BENUCCI 123;06135;PERUGIA;;03023690542;;;;;
03048070548;FRUITS S.A.S. DI ZABOLOTNOVA OLGA;VIA DELLE TUJE ;06083;BASTIA UMBRA;;03048070548;;;;;
03081360798;PAOLA MG SOCIETA' A RESPONSABILITA' LIMITATA;VIA DEL PROGRESSO 667;88046;LAMEZIA TERME;;03081360798;;;;;
03130200920;ORTOFRUTTA DI IGNAZINO ENA & FIGLI S.A.S.;VIA IGLESIAS 6;09010;DECIMOPUTZU;;03130200920;;;;;
03153010610;DISTRIBUZIONE SICILIANO S.R.L.;VIA PONTESELICE 67;81020;CAPODRISE;;03153010610;;;VIA PONTESELICE, 67,;;
03194620922;G.S.N. ORTOFRUTTA S.R.L.;STRADA PROVINCIALE 2 ;09028;SESTU;;03194620922;;;;;
03204120921;SARDEGNA FRUIT S.R.L.;STRADA PROVINCIALE 2 KM.0,400;09028;SESTU;;03204120921;;;;;
03209330178;SAN ROCCO FRUTTA SAS DI FASOLI VITTORINO GIUSEPPE E SAMUELE E C.;VIA ORZINUOVI 82;25125;BRESCIA;;03209330178;;;;;
03214480547;EMPORIO FRUTTA DI CAPPUCCIO M. E C. SNC;VIA D. MANIN 90;06034;FOLIGNO;;03214480547;;;;;
03243380585;SEBASTIANI DARIO;VIA VALMELAINA SNC;00139;ROMA;;03243380585;;;;;
03250610833;F.LLI SCHEPISI S.R.L.;VIA NINO DANTE 118;98068;SAN PIERO PATTI;;03250610833;;;;;
03271190922;FRUIT OF CALATRI S.R.L.;LOCALITA' MAGANGIOSA ;09028;SESTU;;03271190922;;;;;
03320500923;ETZI GIUSEPPE;VIA D'ANNUNZIO 2;09038;SERRAMANNA;;03320500923;;;VIA D'ANNUNZIO, 2,;;
03354250247;OROFRUIT S.R.L.;VIALE DEL MERCATO NUOVO 32;36100;VICENZA;;03354250247;;;;;
03354470274;EUROFRUTTA S.R.L.;VIA DELL'ATOMO 20;30175;VENEZIA;;03354470274;;;;;
03393900786;INGROSSO ORTOFRUTTICOLI MARIO OCCHIUTO SRL SEMPLIFICATA;PIAZZA MAURIZIO QUINTIERI 14;87100;COSENZA;;03393900786;;;;;
03397800792;FRUIT STORE S.R.L.;GRADONI OSPEDALE CIVILE 11;88100;CATANZARO;;03397800792;;;;;
03407510720;NATURA E QUALITA' - S.R.L. DI RENDINE & CAPOGNA;VIA BARLETTA 86;76123;ANDRIA;;03407510720;;;;;
03473680795;EUROFRUIT - SOCIETA' A RESPONSABILITA' LIMITATA;CONTRADA MODERATA DURANT ;89900;VIBO VALENTIA;;03473680795;;;;;
03475050286;ORTOPADOVA S.A.S. DI CAMPAGNARO NICOLETTA & C.;CORSO STATI UNITI 50;35127;PADOVA;;03475050286;;;;;
03504800362;CENTRO DISTRIBUZIONE NORD EST ABBREVIABILE IN CE.DI.NE. SRL UNIPE RSONALE;VIA LUDOVICO ARIOSTO 14/B;41012;CARPI;;03504800362;;;VIA LUDOVICO ARIOSTO, 14/B,;;
03507810400;"CATTOLICA FRUTTA - SOCIETA' A RESPONSABILITA' LIMITATA" O, IN FO RMA ABBREVIATA "CATTOLICA FRUTTA S.R.L.";VIALE FERRARA 39;47841;CATTOLICA;;03507810400;;;;;
03539810782;ANTONELLO FRUTTA S.R.L.;CONTRADA PIANETTE BOX 13/14 SNC;87046;Montalto Uffugo;;03539810782;;;;;
03550560928;SOLE DI SARDEGNA S.R.L.;STRADA STATALE 196, LOTTO 13 SN;09038;SERRAMANNA;;03550560928;;;;;
03591930403;EUROFRUTTA DI XHAFERLLARI ROBERT;VIA COLETTI 1;47900;RIMINI;;03591930403;;;;;
03684440799;PAOLA ROBERTO SRLS;VIA DEL PROGRESSO, 495;88046;LAMEZIA TERME;;03684440799;;;;;
03695300289;BOSCOLO SANTE DI BOSCOLO STEFANO E C. S.A.S.;CORSO STATI UNITI 50;35127;PADOVA;;03695300289;;;;;
03721080921;C&T SOCIETA' A RESPONSABILITA' LIMITATA SEMPLIFICATA;VIA LEOPARDI 13/D;09041;DOLIANOVA;;03721080921;;;;;
03761641210;FRIDA DI D'AGOSTINO RAFFAELE S.R.L.;VIA PADULA ;80026;CASORIA;;03761641210;;;;;
03761820400;ORTOFRUTTA TOSI GIUSEPPE S.R.L.;VIA EMILIA VECCHIA 75;47922;RIMINI;;03761820400;;;;;
03922670611;V.P.M. CARNI S.A.S. DI VECCHIONE ANTONIO;VIA SALVO D'ACQUISTO ;81040;CURTI;;03922670611;;;;;
03923800753;CAMBO FRUTTA S.R.L.;VIA FRANCESCO DE MURA ;73100;LECCE;;03923800753;;;;;
03944010614;MARANFRUIT - SOCIETA' A RESPONSABILITA' LIMITATA;VIA SANTA CROCE 9;81030;SAN MARCELLINO;;03944010614;;;;;
03949730612;DI GIOVANNI PASQUALE S.R.L.;VIA RETELLA ;81020;CAPODRISE;;03949730612;;;;;
04106200613;LEONE SALVATORE;VIA FROSINONE 5;81030;SAN MARCELLINO;;04106200613;;;;;
04241580408;LA CESENATICO FRUTTA S.R.L.;VIA DONATO BRAMANTE 95;47042;CESENATICO;;04241580408;;;;;
04311510236;LE MOTTE S.R.L.;VIA MONSIGNOR GIUSEPPE CALZA 17;37059;ZEVIO;;04311510236;;;;;
04318980481;CENTRO FRUTTA SOCIETA' A RESPONSABILITA' LIMITATA;PIAZZA EUGENIO ARTOM ;50127;FIRENZE;;04318980481;;;;;
04392260404;ORTOFRUTTA C.F. SRL;VIA FERRARA N.39;47841;CATTOLICA;;04392260404;;;;;
04479770754;ORTOFRUTTICOLA PUGLIESE S.R.L.;VIA ERNESTO STICCHI 4;73024;MAGLIE;;04479770754;;;;;
04489350266;ORTOFRUTTICOLA BENZON & VOLPATO SRL;VIA MERCATO ORTOFRUTTICOLO 16;31100;TREVISO;;04489350266;;;;;
04600910758;SANTANTONIO S.R.L. IN LIQUIDAZIONE;VIA CONCILIAZIONE 31;73040;COLLEPASSO;;04600910758;;;;;
04860550658;JOLLY TRADE S.R.L.;CONTRADA SERRACAPILLI ;84025;EBOLI;;04860550658;;;;;
04939691004;CENTRO ORTOFRUTTICOLO CASTELLI ROMANI S.N.C. DI CIAMPANELLA GIOVA NNI;VIALE FRANCIA 49;00045;GENZANO DI ROMA;;04939691004;;;;;
05174870484;BARBERA FRANCESCO SRL;VIA GIUSEPPE MAZZINI 175;50019;SESTO FIORENTINO;;05174870484;;;;;
05502341000;IGOR S.R.L.;VIA DI TRONCAVIA 64;00049;VELLETRI;;05502341000;;;;;
05690380729;FRUTTATTIVA S.R.L.;VIA ALESSANDRO VOLTA 37;70014;CONVERSANO;;05690380729;;;;;
05728131003;ORLANDINI FURIO;PIAZZA DEI TARQUINI 1;00052;CERVETERI;;05728131003;;;;;
06174390721;ORTOLABB S.R.L.;VIA CONVERSANO ;70044;POLIGNANO A MARE;;06174390721;;;;;
06360840968;RISTOCATERING S.R.L.;VIA CESARE LOMBROSO 54;20137;MILANO;;06360840968;;;;;
06743860634;L'AGRICOLA DI CASTRESE LAURANO & C. S.A.S.;VIA UNIONE SOVIETICA 20;80016;MARANO DI NAPOLI;;06743860634;;;;;
07034531009;AZIENDE AGRICOLE MARTUFI S.R.L.;VIA DEL MARE 38/A;00071;POMEZIA;;07034531009;;;;;
07372531215;FRESCO FOOD S.R.L.;VIA GIOVANNI PASCOLI 21;81034;MONDRAGONE;;07372531215;;;;;
08004800960;GAB FRUTTA S.A.S. DI CHIARELLI GABRIELLA E C.;VIA CESARE LOMBROSO 54;20137;MILANO;;08004800960;;;;;
08007220018;TECNO G 16 S.R.L.;VIA MATTATOIO 44;12037;SALUZZO;;08007220018;;;;;
08139560729;NOVA FRUIT - SOCIETA' A RESPONSABILITA' LIMITATA SEMPLIFICATA;MERCATO ORTOFRUTTICOLOINGROSSO Z.I.;70056;Molfetta;;08139560729;;;;;
08283141003;PIACENTINI MAURO;VIA COLLE CANNETACCIA ;00038;VALMONTONE;;08283141003;;;;;
08439441000;TOMASSINI ANGELA;VIA VECCHIA DI NAPOLI 253;00049;VELLETRI;;08439441000;;;;;
08722401000;QUELLI CHE LA FRUTTA SRL;VIA GEROLAMO CARDANO 178/D;00146;ROMA;;08722401000;;;IT;;
08789480962;EXPO FRUTTA S.R.L.;VIA RONCHI 16/12;20134;MILANO;;08789480962;;;;;
09411030969;CMC FRUIT S.R.L.;VIA CESARE LOMBROSO 54;20137;MILANO;;09411030969;;;;;
09485970587;COSMI VALTER;COLLE VETRICE ;00030;SAN CESAREO;;09485970587;;;;;
09714931004;GABRIELLI GIANLUCA;VIA QUARANTOLA 62;00040;LARIANO;;09714931004;;;;;
09727160153;FRUTTITAL S.R.L.;VIA CESARE LOMBROSO 54;20137;MILANO;;09727160153;;;;;
09987320968;DELIZIE MEDITERRANEE S.R.L.;VIA CESARE LOMBROSO 54;20137;MILANO;;09987320968;;;;;
10017120154;NUOVAFRUTTA S.R.L.;VIA CESARE LOMBROSO 54;20137;MILANO;;10017120154;;;;;
10699741004;CROCETTA DAVIDE;VIA DEL FOSSATELLO 7;00049;VELLETRI;;10699741004;;;;;
11527761008;DI MEO S.R.L.;VIA LATA 327;00049;VELLETRI;;11527761008;;;;;
11654861001;ETNA FRUTTA S.R.L.;VIA TERENZIO, 7;00193;ROMA;;11654861001;;;;;
11655301007;ELAS S.R.L.;VIA DEL CASALE DI SAN BASILIO 121/A;00156;ROMA;;11655301007;;;;;
12098571008;SIMOFRUIT S.R.L.; LOC. VACCARECCIA SNC;00053;Civitavecchia;;12098571008;;;;;
12851811005;M.F. SOCIETA' A RESPONSABILITA' LIMITATA;VIA SESTIO CALVINO 121;00174;ROMA;;12851811005;;;;;
13009831002;PUNTO FRUTTA S.R.L.;VIA SAN PIETRO 29;00049;VELLETRI;;13009831002;;;;;
13311311008;EXPOMARKET S.R.L.;VIALE DI VALLE SCHIOIA, 67/F, VIALE DI VALLE SCHIOIA, 67/F VIALE DI VALLE SCHIOIA, 67/F;00042;ANZIO;;13311311008;;;VIALE DI VALLE SCHIOIA, 67/F,;;
13769381008;MARWORLD FRUIT DUE SOCIETA' A RESPONSABILITA' LIMITATA SEMPLIFICATA;VIA DELLA TENUTA DEL CAVALIERE, 1, VIA DELLA TENUTA DEL CAVALIERE, 1 VIA DELLA TENUTA DEL CAVALIERE, 1;00012;GUIDONIA MONTECELIO;;13769381008;;;VIA DELLA TENUTA DEL CAVALIERE, 1,;;
13829091001;BEL.VALL. FRUTTA SOCIETA' A RESPONSABILITA' LIMITATA SEMPLIFICATA;VIA LAURENTINA ;00040;ARDEA;;13829091001;;;;;
14080891006;TERRA NOSTRA SOCIETA' A RESPONSABILITA' LIMITATA SEMPLIFICATA;PIAZZA TOMMASO FRASCONI 6;00045;GENZANO DI ROMA;;14080891006;;;;;
14113291000;SOLE VERDE - SOCIETA' COOPERATIVA AGRICOLA A R.L.;VIA APPIA NUOVA 1280;00178;ROMA;;14113291000;;;;;
14681311008;DOAL - SOCIETA' A RESPONSABILITA' LIMITATA SEMPLIFICATA;VIA INNOCENZO XII 78;00072;ARICCIA;;14681311008;;;;;
